req_id,source_ref,requirement,category,existing_implementation,gap,planned_module,verification_test,evidence_dependency,status,human_required
R001,protocol 1.1,Decision owner and decision (advance/redesign/stop) defined before data collection,protocol,protocol/protocol.yaml decision block,none,protocol/protocol.yaml,tests/unit/test_provenance.py::test_protocol_loads_and_is_frozen,none,exists,no
R002,protocol 1.1,"Freeze protocol, source snapshot, candidate list, analysis version before final run",protocol,protocol.yaml status=frozen; revisions.csv; snapshot manifests,founder sign-off on R000-R002 pending,protocol/revisions.csv,reporting.finished_status DF01,none,partial,yes: sign-off
R003,protocol 1.2,Unit of analysis is an exact presentation-pathway-network architecture,protocol,schemas.ProductPresentation with fixed strength/form/route/container/fill,none,schemas.py,test_schemas.py::test_out_of_archetype_product_needs_explicit_flag,none,exists,no
R004,protocol 1.3,Hypotheses H1-H8 pre-specified and falsifiable with refutation conditions,protocol,protocol/hypotheses.yaml,status moves only via evidence_runs,protocol/hypotheses.yaml; reporting.py,test (planned) hypothesis status cannot change without a manifest,simulation results,partial,no
R005,protocol 1.4,Six kill criteria K1-K6 encoded and evaluated,protocol,protocol.yaml kill_criteria,evaluation logic not yet wired to results,reporting.py (decision classification),tests/integration/test_decision_rules.py (planned),simulation results,partial,no
R006,protocol 2.1,First archetype boundary enforced; excluded modalities only as labeled comparators,product-selection,schemas.ProductPresentation.archetype_fit; longlist flags,none,schemas.py; product_selection.py,test_product_selection.py::test_lyophilized_candidate_fails_manufacturing_gate,none,exists,no
R007,protocol 2.2 step 1,Dated longlist of >= 5 exact presentations from frozen FDA/ASHP snapshots incl. one resolved comparator,product-selection,config/longlist.yaml (6) + 41 frozen snapshots 2026-09-01/02,ASHP snapshot is a human task; presentation fixed for 3 of 6 only,product_selection.py,test_product_selection.py::test_longlist_loads_with_at_least_five,S01 S01B S18 S21(human),partial,yes: ASHP retrieval
R008,protocol 2.2 step 2 / 2.3,Eight hard gates PG1-PG8 evaluated with status and evidence before scoring; FAIL excludes; UNCERTAIN blocks selection,product-selection,product_selection.evaluate_hard_gates,PG5-PG8 stay UNCERTAIN until human evidence,product_selection.py,test_product_selection.py::test_dossier_from_fixture_snapshots,interviews; supplier map; regulatory review,partial,yes
R009,protocol 2.4,Weighted score 20/20/15/15/10/10/10 with per-criterion evidence confidence disagreement uncertainty,product-selection,product_selection.score_candidate; weights from protocol.yaml,4 of 7 criteria expert-pending; workbook provisional scores tier 5 kept separate,product_selection.py,test_product_selection.py (partial score arithmetic),expert scoring (HA-20 HA-21),partial,yes
R010,protocol 2.2 step 4,Select one case with regional relevance and one hard comparator,product-selection,none (selection.json absent by design),selection requires resolved gates and expert scores,product_selection.py; data/product_dossiers/selection.json,reporting DF03,dossiers complete,missing,yes: founder + experts
R011,protocol 2.2 step 5,One hospital pharmacy leader and one sterile-manufacturing expert challenge the selection,product-selection,none,interview infrastructure only,docs/interviews/,reporting DF03 evidence,interviews,missing,yes
R012,protocol 2.5,Machine-readable product dossier per candidate with status access date reasons presentations applicants links,product-selection,data/product_dossiers/<id>/dossier.json + .md (6 built),ASHP fields; applicants from Drugs@FDA sponsors only,product_selection.build_dossier,test_product_selection.py,S01 S16 S17 S18,partial,yes: ASHP
R013,protocol 3 table,Eight architectures S0-S7 represented; S7 separate status-dependent,strategies,protocol.yaml strategies; config/strategies/illustrative_baseline.yaml; schemas.StrategyDesign,simulation-level representation pending,strategies.py; simulation.py,test_configs_and_regulatory.py::test_strategies_load_in_protocol_order; DF05,none,partial,no
R014,protocol 3.1 FC1,Common random numbers so strategies face the same simulated world,simulation,simulation.run_paired + rng.RunStreams; disruptions.generate_world,none,disruptions.py; simulation.py,tests/integration/test_crn_pairing.py (planned),none,exists,no
R015,protocol 3.1 FC2,Same service target: minimize cost s.t. fill-rate and shortage-risk constraints,optimization,optimization.optimize_strategy (grid + coordinate refinement + full-N re-evaluation),search sizes modest until inputs are real,optimization.py,tests/integration/test_optimization.py (planned),simulation,exists,no
R016,protocol 3.1 FC3,Same cost boundary across nine ledgers without double counting,economics,simulation step8_costs across nine ledgers; economics.CostLedger,take-or-pay volume term pending,economics.py; simulation.py,test_economics.py; tests/integration/test_cost_ledger_reconciliation.py (planned),none,partial,no
R017,protocol 3.1 FC4,Same horizon and discounting; commissioning lead time when strategy does not exist at t0,simulation,SiteRuntime.available_from_day (commissioning); capital and fixed accrue from day 0,none,simulation.py,integration test (planned),none,exists,no
R018,protocol 3.1 FC5,Nominal site count is not independent redundancy (common-cause scrutiny),disruption,disruptions common-cause groups; strategies cc_* groups,elicitation of group rates,disruptions.py; network.py,tests/integration/test_extremes.py::perfectly_correlated_sites (planned),expert elicitation of dependence,partial,no
R019,protocol 3.1 FC6,Ineligible strategy excluded not penalized,regulatory,regulatory.evaluate_strategy (EXCLUDED / NO_CONCLUSION),none,regulatory.py,test_configs_and_regulatory.py::test_property_uncertain_never_eligible,none,exists,no
R020,protocol 3.2,Strategy design variables per architecture,optimization,optimization.DESIGN_SPACES per strategy,"bounds are search bounds, not evidence",config/strategies; optimization.py,test (planned) bounds respected,none,exists,no
R021,protocol 4 intro,Two-path regulatory decision map reviewed by a qualified professional; labeled preliminary,regulatory,config/regulatory_gates.yaml label; regulatory.NOT_LEGAL_ADVICE,decision-map documents not yet written; review not done,docs/regulatory/approved_generic_cmo_map.md; docs/regulatory/503b_shortage_response_map.md,reporting DF07 DF08,regulatory professional,missing,yes
R022,protocol 4.1 items 6-11,Approved-generic/CMO map: owner relationship; site steps in application; submission category; validation set; quality agreement responsibilities; cross-site comparability as a claim,regulatory,gates G01-G07 G13 G14 encode each element,narrative map with Drugs@FDA/Orange Book owner data pending,docs/regulatory/approved_generic_cmo_map.md,DF07,S16 S17 snapshots (frozen),partial,yes: review
R023,protocol 4.2,503B map: registration; bulks eligibility; shortage-list status at compounding/distribution/dispensing; essentially-copy; BUD; labeling; state licensure; time-varying availability,regulatory,gates G08-G12; regulatory.Shortage503BState,narrative map and simulation state machine pending; 503B bulks list snapshot shows sodium bicarbonate NOT included,docs/regulatory/503b_shortage_response_map.md; simulation.py,test_configs_and_regulatory.py (S7 combos); simulation test (planned),S13 S14 S15 snapshots (frozen),partial,yes: review
R024,protocol 4.3,Cite the distributed-manufacturing registration proposed rule as proposed; base case must not depend on it,regulatory,gate G13 legal_basis_type proposed_rule; S11 snapshot (FR API JSON XML PDF),none,config/regulatory_gates.yaml,test_provenance.py::test_gates_load_all_uncertain_and_r3_gate_present,S11,exists,no
R025,protocol 4.4,Hard-gate matrix loaded from configuration; every run records gate outcomes,regulatory,regulatory_gates.yaml (15 gates); RunManifest.gate_outcomes written by cli deterministic,none,regulatory.py; provenance.py,test_configs_and_regulatory.py; manifest inspection,none,exists,no
R026,protocol 4.4 / task 7,UNCERTAIN never treated as PASS; PASS requires named reviewer and date,regulatory,schemas.RegulatoryGate validator; regulatory.evaluate_strategy,none,schemas.py; regulatory.py,test_schemas.py::test_gate_pass_requires_reviewer_and_date; property test,none,exists,no
R027,protocol 5.1,Daily step; five-year horizon; warm-up; weekly sensitivity only after reproducing daily,simulation,SimSettings daily; runner horizon_years/warm_up,weekly-step sensitivity not run,simulation.py,integration test daily vs weekly (planned),none,partial,no
R028,protocol 5.2,Boundary choices frozen: 4 regions (3-8); presentation-specific demand; production scope; upstream suppliers; downstream distribution; quality; regulation; economics,simulation,"strategies.build_strategy topology (4 regions, lanes, suppliers, groups)",region shares equal until data,network.py,config validation test (planned),none,partial,no
R029,protocol 5.3,Five evidence tiers on every parameter,provenance,schemas.EvidenceTier + UncertainParameter validator,none,schemas.py,test_schemas.py tier tests,none,exists,no
R030,protocol 5.4,Assumption register fields (id definition units level distribution dependence source page access date transformation owner confidence validation revision reversible outputs),provenance,schemas.UncertainParameter (all fields); config/global.yaml and products,none,schemas.py,test_schemas.py,none,exists,no
R031,protocol 6 Eq.1,Annual saleable capacity by product and site,deterministic,deterministic.screen_row saleable_capacity,none,deterministic.py,test_deterministic.py::test_replica_row_5_matches_workbook_cached_values,none,exists,no
R032,protocol 6 Eq.2,Utilization planned vs realized,deterministic,realized utilization derivable from batches_started_per_year,not yet reported as a metric,deterministic.py; simulation.py,test_deterministic.py,none,partial,no
R033,protocol 6 Eq.3,Capital recovery factor,economics,economics.crf,none,economics.py,test_economics.py::test_crf_matches_workbook_typed_constants,none,exists,no
R034,protocol 6 Eq.4,Fully loaded cost per delivered nonexpired unit with explicit denominator,economics,deterministic corrected mode cost_per_unit over delivered_units; CostLedger.per_delivered_unit,simulation denominator pending,economics.py; deterministic.py,test_deterministic.py::test_corrected_variant_caps_delivery_and_uses_delivered_denominator,none,partial,no
R035,protocol 6 Eq.5,Response time = material + setup + production + release + delivery with overlap only where valid,deterministic,release_assurance.conventional_release_days (max of concurrent + serial QA); simulation queues,none,deterministic.py; simulation.py,test_deterministic.py,release-time components (tier 1 from repo memo),exists,no
R036,protocol 6.1,Nine cost ledgers itemized,economics,"simulation ledgers: capital, fixed, launch, variable, testing+investigation, waste, inventory+distribution, reservation, OS",cost evidence tier 5,economics.py,test_economics.py::test_ledger_total_and_per_unit,cost evidence (HA-12 HA-13 HA-14),partial,yes: quotes
R037,protocol 6.2 Eq.6,Break-even contracted volume,economics,economics.break_even_volume,surface over node count/size/utilization pending,economics.py; optimization.py,test_economics.py::test_break_even_and_premium,price and cost evidence,partial,no
R038,protocol 6.2 Eq.7,Required resilience premium with payer stated,economics,economics.resilience_premium,payer field in reporting pending,economics.py; reporting.py,test_economics.py,contract evidence,partial,no
R039,protocol 6 / task 10,Automated reconciliation of Python vs workbook with tolerance; investigate every difference,deterministic,deterministic.reconcile_screen/dashboard; cli reconcile; results/deterministic/reconciliation.json (448/448 match),none,deterministic.py,tests/regression/test_workbook_reconciliation.py,none,exists,no
R040,task 10,Deterministic model labeled screening/audit layer with illustrative outputs banner,deterministic,PRELIMINARY_BANNER in cli deterministic; ScreenRow.illustrative,none,deterministic.py; cli.py,test_deterministic.py (illustrative flag),none,exists,no
R041,protocol 7 / 7.1,Discrete-time network simulation with listed state variables,simulation,"simulation._Sim state (book, backlog, transit, queue, materials, counters)",none,simulation.py,tests/integration (planned),none,exists,no
R042,protocol 7.2,Nine-step daily event order,simulation,simulation._Sim.run nine steps,none,simulation.py,test each step function (planned),none,exists,no
R043,protocol 7.3,Paired simulation loop: sample structural params; shared streams; per-strategy reset; assert; log; write metrics,simulation,"simulation.run_paired; runner.run_simulation (multiprocess, tidy CSV, summary with MCSE and paired differences)",none,simulation.py,test_seed_reproduction (planned),none,exists,no
R044,protocol 7.4,Separate reproducible streams (11 named); dependence via cause groups not a correlation coefficient,simulation,rng.RunStreams entity-keyed; 11 streams,none,disruptions.py,test_entity_isolation (planned),none,exists,no
R045,protocol 8.1,Demand: hierarchical regional shares; nonnegative variability; seasonality; autocorrelation; shocks (joint magnitude duration correlated regions); allocation distortion; contracted vs potential; substitution matrix,demand,demand.DemandSpec lognormal AR(1) + seasonality + shocks; contracted share and substitution fields disabled,negative binomial and block bootstrap alternatives; substitution matrix,demand.py,tests/unit/test_demand.py moments/PPC (planned),utilization evidence (HA-11); pharmacist substitution review,partial,yes
R046,protocol 8.1 / task 12,Distribution choice by posterior predictive checks holdout and structural sensitivity not in-sample fit,demand,demand.demand_moments for PPC,PPC against data pending (no data),demand.py; sensitivity.py,test (planned),demand data,partial,no
R047,protocol 8.2,Disruption classes: site quality supplier common-cause demand-surge regulatory with parameters,disruption,"disruptions.generate_world (site, supplier, common cause, demand shock, regulatory)",quality events are per-batch (quality.py),disruptions.py,tests/integration/test_extremes.py (planned),historical episodes; expert ranges,exists,yes
R048,task 13,Explicit dependency graph across sites API excipient vial stopper labs methods equipment software geography utilities ownership regulatory,disruption,"network.CommonCauseGroup + strategies default groups (API, vial, OS, quality, geography)",supplier map from evidence,network.py,test (planned) group membership drives joint failure,supplier map (HA-12),partial,yes
R049,protocol 8.3,FEFO inventory by age and location; carrying and expiry paid; stock must exist before disruption,inventory,inventory.InventoryBook FEFO with expiry cohorts; initial stock must exist before disruption,none,inventory.py,tests/unit/test_inventory.py FEFO (planned),shelf-life labels (S18 S22 S23 frozen),exists,no
R050,protocol 8.3,Allocation policies proportional criticality-weighted minimum-guarantee optimization; regional equity reported,allocation,"allocation.allocate (proportional, criticality, minimum guarantee, LP); regional_disparity",policy sensitivity not yet run,allocation.py,tests/unit/test_allocation.py (planned),none,partial,no
R051,protocol 8.4,Recovery = sustained service above threshold for window; report first response stable recovery unmet area peak probability by date,simulation,"simulation.episodes (first response, stable recovery 30 d, unmet area, peak)",probability by date pending,simulation.py; reporting.py,test recovery metrics (planned),none,partial,no
R052,protocol Eq.8 Eq.9,Inventory and backlog recursions by product presentation location cohort,simulation,simulation step5 backlog recursion; inventory book,none,inventory.py; simulation.py,mass-balance property test (planned),none,exists,no
R053,protocol 9 box,Release-assurance evidence boundary stated; R3 disabled by default,release-assurance,release_assurance.ReleaseAssuranceParams (R3 refused unless permitted),none,release_assurance.py,test_configs_and_regulatory.py::test_r3_requires_s6_eligible_and_g15_pass,none,exists,no
R054,protocol 9.1,Four scenarios R0-R3 with exact treatments,release-assurance,release_assurance.release_outcome R0-R3,none,release_assurance.py,test R1-R3 reduce to R0 at zero benefit (planned),none,exists,no
R055,protocol 9.2 / task 3,Twelve metrics travel together for every release-assurance result,release-assurance,release_benchmark.JointMetrics + curves + by-group + repair + bootstrap (12 metrics),lot/time groups synthetic,release_assurance.py; benchmark package,test presence of all 12 (planned),benchmark results,partial,no
R056,task 15,Release assurance reduces only the exact evidenced delay; never sterility endotoxin compendial disposition investigation validation change control,release-assurance,release_assurance.REDUCIBLE_COMPONENTS whitelist,none,release_assurance.py,test whitelist (planned),none,exists,no
R057,task 15,Fallback testing and investigation after abstention; near-total abstention shows no release-time benefit,release-assurance,test_total_abstention_has_no_release_time_benefit; fallback delay,none,release_assurance.py; simulation.py,tests/integration test_total_abstention (planned),none,exists,no
R058,protocol 9.3 items 20-25,Separate benchmark package: pre-registration; grouped external validation; transfer/standardization/DA/conformal/mandatory-hold baselines; risk-coverage and cost-coverage; stress tests; repair; released code seeds model card,release-assurance,"release_benchmark.py: grouped-by-instrument validation, transfer/standardization/mandatory-hold/repair baselines, stress and label-noise tests, risk-coverage and cost curves, bootstrap CIs, model card, claims table",domain adaptation (di-PLS) not re-implemented; results pinned by manifest not commit,benchmark package (phase 7),benchmark tests (planned),public NIR data (present),partial,no
R059,task 3,Reproduce the older spectroscopy result and verify splits leakage metrics seeds denominators intervals,release-assurance,docs/audits/03_conformal_reproduction_audit.md (byte-identical reproduction; audit bootstrap CIs),none for audit; intervals not in source code,docs/audits,reproduction re-run 2026-09-01,none,exists,no
R060,protocol 10.1 Eq.10,Per-strategy minimization s.t. fill-rate mean; tail confidence; shortage days; recovery; equity; all gates PASS,optimization,optimization.optimize_strategy constraints tau/q; EXCLUDED not optimized; NO_CONCLUSION labeled,recovery and equity constraints optional,optimization.py,tests/integration/test_optimization_monotonicity.py (planned),simulation,partial,no
R061,protocol 10.1,Thresholds tau and q chosen before results,optimization,protocol.yaml frozen thresholds; optimizer accepts overrides only for labeled sensitivity runs,founder sign-off pending,protocol.yaml,test_provenance.py,none,partial,yes: sign-off
R062,protocol 10.1,Present Pareto frontier when no explicit weights; dominated architectures; conditional winners; infeasible regions; ranking uncertainty,outputs,figures.cost_reliability_frontier; economics.icer,frontier across optimized designs in report,reporting.py; optimization.py,test_economics.py::test_icer_dominance_labels; frontier test (planned),simulation,partial,no
R063,protocol 10.2,Required outputs: cost per delivered unit; fill rate; shortage days; unmet units; recovery time; probability meeting demand; break-even; ICER; regional equity; quality burden with statistics,outputs,simulation.result metrics dict; runner summary,break-even surface pending,reporting.py,tests (planned) every metric present,simulation,partial,no
R064,protocol Eq.11,ICER never for dominated strategies without label,outputs,economics.icer,reporting suppression pending,economics.py; reporting.py,test_economics.py::test_icer_dominance_labels,none,partial,no
R065,protocol 10.3,Decision classification ADVANCE / NARROW_ADVANCE / REDESIGN / STOP by pre-specified rules,outputs,protocol.yaml decision.classes,classifier not built,reporting.py,test decision rules (planned),results,partial,no
R066,protocol 11.1,Distributions with physical support; dependence preserved; aleatory vs epistemic separated,sensitivity,sensitivity.value_of_information triangular sampling,dependence in sampling pending,sensitivity.py; disruptions.py,test_schemas.py distribution tests,elicitation,partial,yes
R067,protocol 11.2,Mandatory sensitivity inputs (19 listed),sensitivity,sensitivity.MANDATORY_INPUTS (19 mapped),none,sensitivity.py,test coverage of all 19 (planned),none,exists,no
R068,protocol 11.3,One-way thresholds; Sobol; PRCC; structural alternatives; decision-reversal map; EVPI/EVPPI,sensitivity,"sensitivity.one_way, global_sensitivity (Sobol+PRCC), decision_reversal_map, value_of_information",structural alternatives runner pending,sensitivity.py,tests/unit/test_sensitivity.py (Sobol on analytic function) (planned),simulation,partial,no
R069,protocol 11.4,Feasibility map across utilization release time common-cause dependence with gate-masked regions,sensitivity,scripts/run_sensitivity.py + figures.feasibility_map,none,sensitivity.py; reporting.py,figure metadata test (planned),simulation,exists,no
R070,protocol 12.1,Five validation layers conceptual input computational empirical decision,validation,protocol.yaml validation_layers,layers 1 2 5 need humans,validation.py; docs/reviewer_packets,DF12 DF15 DF19,experts,partial,yes
R071,protocol 12.2 / task 20,Backcast multiple episodes (site failure; upstream/common cause; demand shock; resolved) with frozen information; compare duration severity recovery bottleneck regions,backcast,"backcast.py + data/historical_backcasts/episodes.yaml (3 dated from S01, 1 template)",product configs for furosemide and sterile water; site-failure episode documentation,backcast.py; data/historical_backcasts,tests/integration/test_backcast.py (planned),S01 history (HA-10),partial,yes: history
R072,protocol 12.3,Interview program 25-30 across six roles with consent logging contradiction tracking,interviews,"docs/interviews/* (matrix, templates, guide, modules, schema, worksheet, workflow)",no interviews held,docs/interviews/; data/interview_evidence,DF18,humans,partial,yes
R073,protocol 12.4,>= 3 independent reviews with issue decision change rationale published,review,"docs/reviewer_packets/* (4 packets, revision log)",no reviews,docs/reviewer_packets/,DF19,humans,partial,yes
R074,protocol 13.1 items 26-37,Execution sequence in order,protocol,items 26 27 partly done (frozen protocol; snapshots; dossiers),items 28-37 pending,all,DF tests,many,partial,yes
R075,protocol 13.2,Repository structure with README protocol data model src tests config results reports LICENSE CITATION CHANGELOG,repo,feasibility/ layout complete,none,repo,ls,none,exists,no
R076,protocol 13.3,Publication outputs: 15-25 page paper; 2-page memo; workbook with readiness sheet; code lock seeds manifest tests tidy output; dossiers maps register synthesis revision log; one non-obvious finding and one null result,reporting,scripts/build_report.py; figures.py,paper and executive memo text pending,reporting.py; reports/,DF20 DF21,results,partial,no
R077,protocol 13.5 / task 25,Authorship integrity: RESEARCH_LOG DECISIONS ASSUMPTIONS AI_ASSISTANCE CLAIMS_REGISTER,integrity,all five files exist,keep current,root files,DF22,none,exists,no
R078,protocol 13.6,Claim discipline table applied to every external sentence,integrity,protocol.yaml claim_discipline; CLAIMS_REGISTER.csv,continuous,CLAIMS_REGISTER.csv,DF22,none,partial,yes
R079,protocol Appendix B B1-B10,Fill rate; shortage-day indicator; expected shortage days; probability meeting demand; regional disparity; expiry rate; risk among releases; unconditional exposure; MCSE; paired effect,outputs,"simulation.result (B1-B6, B9, B10) + release_benchmark (B7, B8)",none,simulation.py; reporting.py,unit tests per formula (planned),simulation,exists,no
R080,protocol Appendix C,Mass balance; nonnegativity; zero demand; infinite supply; zero capacity; no failures; perfectly correlated sites; independent sites; zero/infinite shelf life; release assurance off; total abstention; seed reproducibility; CRN; optimization sanity,tests,"tests/integration/test_extremes.py (13 cases), test_reproducibility.py",none,tests/integration/test_extremes.py,each named test,none,exists,no
R081,task 21,Cost-ledger reconciliation; strategy dominance; workbook-to-code reconciliation; regression against frozen runs; property-based invariants,tests,"regression reconciliation; hypothesis property tests (schemas, gates, mass balance)",frozen reference simulation runs pending,tests/,tests/regression,none,partial,no
R082,protocol Appendix D,Interview guide core questions and role modules; evidence log fields,interviews,docs/interviews/guide_core.md + modules,none,docs/interviews/,inspection,none,exists,no
R083,protocol Appendix E / task 5,Source register S01-S25 with URLs and dated snapshots; retrieval date time URL HTTP status hash license raw file transform processed dictionary,provenance,config/sources.yaml (27 sources); 41 payload manifests; data/data_dictionary.csv,transform scripts and processed tables pending; ASHP and two papers human,acquire.py; provenance.py,tests/unit/test_acquire.py; test_provenance.py,S21 S24 S25 human,partial,yes
R084,task 5,Respect rate limits terms robots; human task instead of circumvention,provenance,acquire.RobotsCache (Disallow Crawl-delay Hit-rate Visiting-hours); human manifests,none,acquire.py,test_acquire.py robots and visiting-hours tests,none,exists,no
R085,task 5,Never label CMS reimbursement or ASP as manufacturing cost,integrity,sources.yaml license notes; data dictionary; economics separate concepts,continuous,economics.py,inspection,none,exists,no
R086,protocol Appendix F / task 26,Definition-of-finished 22 tests reported by the system until complete,reporting,reporting.finished_status; cli status (1/22),none,reporting.py,cli status run 2026-09-01,none,exists,no
R087,task 4,Machine-readable protocol with version date hash of source documents change log,protocol,protocol.yaml + revisions.csv + provenance.verify_protocol_hashes,none,protocol/,cli protocol verify (3/3 OK),none,exists,no
R088,task 9,Typed schemas for 15 entity types,provenance,schemas.py (all 15 plus GateSet ParameterSet Protocol),none,schemas.py,test_schemas.py,none,exists,no
R089,task 9,Load-time validation: units ranges probabilities negative costs impossible dates missing provenance uncertain gates,provenance,schemas validators,none,schemas.py,test_schemas.py (10 negative tests),none,exists,no
R090,task 11,Track produced released held rejected expired shipped fulfilled backlog lost/substituted separately,simulation,simulation.Counters,none,simulation.py,mass-balance test (planned),none,exists,no
R091,task 14,Report regional outcomes and equity; no silent deprioritization,allocation,simulation regional fill/unmet; regional_disparity metric,allocation-policy sensitivity,allocation.py; reporting.py,test equity metric (planned),none,partial,no
R092,task 16,Take-or-pay and minimum purchase commitments explicit; node economics on committed volume,economics,protocol.yaml committed_volume_rule; S3 design variable take_or_pay,modeling pending,economics.py; strategies.py,test (planned),contract evidence (HA-24),partial,yes
R093,task 17,Auditable optimizer verified against grid; record convergence bounds seeds violations budget,optimization,"optimization records: grid, refinement trace, final, bounds, seeds, wall time",none,optimization.py,test grid vs refined (planned),none,exists,no
R094,task 19,EVPI and EVPPI to prioritize evidence acquisition,sensitivity,sensitivity.value_of_information EVPI/EVPPI,none,sensitivity.py,test EVPPI <= EVPI (planned),simulation,exists,no
R095,task 22,Interview infrastructure: target matrix; guides; consent; anonymized ids; evidence-range schema; contradiction tracking; revision link; no fabricated entries,interviews,docs/interviews/* + data/interview_evidence/ (empty),none pending humans,docs/interviews/; schemas (InterviewRecord planned),DF18,none,exists,no
R096,task 23,Reviewer packets (4) with scope assumptions reproducibility questions limitations; revision log,review,docs/reviewer_packets/*,none pending humans,docs/reviewer_packets/,DF19,none,exists,no
R097,task 24,Automated reporting pipeline with figure metadata rules and preliminary banner,reporting,figures.save_figure refuses missing metadata; build_report banner,none,reporting.py; scripts/build_report.py,figure metadata test (planned),results,exists,no
R098,task 2 / 26,Shelved-asset program kept outside conclusions via labeled interface,integrity,docs/methods/future_work_interface.md,none,docs,inspection,none,exists,no
R099,task 27,Human-action queue for unavailable evidence,integrity,docs/audits/07_human_action_queue.md (33 items),keep current,docs/audits,inspection,none,exists,no
R100,task 8,Reproducible environment: uv lock Python 3.11+ transparent dependencies,repo,pyproject.toml uv.lock (py3.12),none,repo,make env,none,exists,no
R101,design-space assignment Phase A,Failure decomposition by ablation: every named mechanism switched off one at a time (leave-one-out) and on alone (add-one-in) on common random numbers; attribution table with Shapley brackets,design_space,"ablation.py (FACTORS, apply_factors, run_ablation, attribution); scripts/run_ablation.py",none,ablation.py,tests/unit/test_ablation.py,results/ablation/<run>/ (illustrative inputs),exists,no
R102,design-space assignment Phase A,Regional review policy as an opt-in design variable (region_base_stock daily review to target; region_reorder_point_days explicit) and component_lead_fraction; frozen S0-S7 semantics unchanged by default,design_space,strategies.build_strategy region policy block; tests/regression/frozen_digests_s0_s7.json,none,strategies.py,tests/integration/test_region_policy.py; tests/regression/test_frozen_strategies.py,none,exists,no
R103,design-space assignment Phase G,Release benchmark: direct standardization (DS) and per-wavelength instrument standardization baselines fitted on transfer standards only,release_assurance,"release_benchmark.ds_transform / instrument_standardization; metrics shift_ds_n{15,30,50} and shift_instrument_std_n{15,30,50}",none,release_benchmark.py,tests/unit/test_release_benchmark_ext.py,results/release_assurance/ra_* (public tablet data),exists,no
R104,design-space assignment Phase G,"Selective-prediction metrics (AURC, E-AURC, oracle) with gate confidence = conformal p-value and error = interval miss; ties broken in expectation",release_assurance,release_benchmark.risk_coverage_points / aurc; metrics selective_prediction,none,release_benchmark.py,tests/unit/test_release_benchmark_ext.py::test_risk_coverage_hand_case_with_tie_block,results/release_assurance/ra_*,exists,no
R105,design-space assignment Phase G,"Held-out shift-type protocol: gate threshold tuned to a detection target on one shift family and evaluated on every other (unknown shift types), reported as a matrix",release_assurance,release_benchmark.holdout_shift_matrix / tune_threshold; curves.holdout_shift,none,release_benchmark.py,tests/unit/test_release_benchmark_ext.py::test_holdout_matrix_shape_and_bounds,results/release_assurance/ra_*,exists,no
R106,design-space assignment Phase G,"Operational cost curve in USD from provenance-carrying parameters (testing cost, batch value, carrying rate, assay delay, investigation cost, wrong_release_cost_usd) replacing the relative 1:50 weights",release_assurance,release_benchmark.cost_parameters / cost_curve_usd; config/global.yaml wrong_release_cost_usd (tier 5),wrong-release cost has no source (HA-22 elicitation or recall-cost evidence),release_benchmark.py; config/global.yaml,tests/unit/test_release_benchmark_ext.py::test_cost_parameters_trace_to_configs_and_curve_arithmetic,tier-5 placeholder; illustrative,partial,yes: recall-cost evidence
R107,design-space assignment Phase G,Leakage effect sizes measurable in-package: component selection on train+calibration (train_and_calibration_cv) and gate-statistic choice (q_residual vs nn) as benchmark options,release_assurance,release_benchmark.fit_layer options gate_score / component_selection; scripts/run_release_benchmark.py flags,none,release_benchmark.py,tests/unit/test_release_benchmark_ext.py::test_gate_and_selection_options_validate_and_q_gate_evaluates,results/release_assurance/ra_* (leak-mode runs),exists,no
R108,design-space assignment Phase G,Repair under n=3 verified samples and R2 per instrument reported with bootstrap intervals; legacy keys bit-identical (extension draws use separate streams),release_assurance,release_benchmark extra_repair_sizes; metrics home/shift r2; shift_repaired_quantile_n3,none,release_benchmark.py,tests/integration/test_release_benchmark.py (existing) + docs/design_space/release_assurance_followup.md byte-compat note,results/release_assurance/ra_*,exists,no
R109,design-space assignment Phase D,"Configuration-declared strategies S8+: site_plans, extra_suppliers, design_space, and profile blocks on StrategyDesign; S0-S7 topologies stay code-defined and byte-identical; one registry (load_all_strategies) for runner and optimizer",design_space,schemas.SitePlanSpec/SupplierSpec/DesignVariableSpec/StrategyProfile; configs.load_design_space_strategies/load_all_strategies; strategies._plans_from_spec; optimization.space_for,no strategies declared yet (config/strategies/design_space.yaml absent),strategies.py; configs.py,tests/unit/test_design_space_schema.py; tests/integration/test_design_space_engine.py::test_generic_builder_reproduces_s5_when_capacity_factor_is_one,none,exists,no
R110,design-space assignment Phase B family 7,"Warm standby: reserved site runs exercise batches on a declared cadence to stay validated; activation requests fail with a declared probability and are re-issued after the activation lead time (RandomStream.ACTIVATION, entity-keyed)",design_space,"production.SiteRuntime.exercise_due/start_exercise/advance_activation(day, u); simulation step 6 counters exercise_batches, activation_failures",readiness cost beyond exercise batches and the reservation fee is not modeled,production.py; simulation.py,tests/integration/test_design_space_engine.py::test_warm_standby_exercises_on_cadence_without_activating; ::test_activation_failure_probability_orders_fill_and_counts,"activation reliability evidence (HA-13, family 7 prior art)",exists,no
R111,design-space assignment Phase B family 4,Hub-and-spoke as hub-as-supplier: a declared supplier (e.g. hub_bulk) with its own lead time and common-cause group feeds a spoke's API/bulk component; supplier disruptions on the hub propagate to spoke material stockouts,design_space,"StrategyDesign.extra_suppliers; strategies.build_strategy supplier block; universal_roster_ids(n, designs)","bulk hold time, transport, and bulk release are collapsed into the supplier lead time",strategies.py,tests/integration/test_design_space_engine.py::test_hub_bulk_supplier_feeds_the_spoke; ::test_roster_appends_declared_entities_after_frozen_ones,bulk hold-time and transport evidence (family 4 prior art),partial,no
R112,design-space assignment Phase B family 6,"Multi-product portfolio node approximation: portfolio_capacity_share scales scheduling capacity and portfolio_fixed_cost_share scales fixed, capital, and validation cost attributed to this product",design_space,SitePlanSpec.portfolio_capacity_share/portfolio_fixed_cost_share; strategies.build_strategy sizing block,"changeover, cleaning validation, and correlated cross-product demand are not represented; single-product engine",strategies.py,tests/integration/test_design_space_engine.py::test_portfolio_shares_scale_capacity_and_fixed_cost,portfolio composition and changeover evidence (HA-21),partial,no
R113,design-space assignment Phase D,Unmapped-gate guard: a strategy that no regulatory gate names is NO_CONCLUSION (gates_mapped=False) even if every gate is PASS; design-space strategies cannot read as eligible by omission,regulatory,regulatory.evaluate_strategy gates_mapped,gate applicability for S8+ not yet mapped in config/regulatory_gates.yaml (needs a revisions.csv row),regulatory.py,tests/unit/test_design_space_schema.py::test_unmapped_strategy_is_never_eligible,qualified regulatory review (HA-31),exists,no
R114,design-space assignment Phase B item 12,"Product-architecture matching data layer: one feature record per longlist presentation from the frozen dossiers (shortage rows and age, application holders, 503B bulks status, CMS proxy, archetype flags, tier-5 config parameters), every feature carrying its snapshot id; human-only features stay None",design_space,src/telo_feasibility/product_architecture.py,matching rules and architecture families not yet defined,config/product_architecture_rules.yaml,tests/unit/test_product_architecture.py,sterilization route and contractability need a person,partial,yes: HA-12 HA-20
R115,protocol 6.1 ledger; Phase A MD-1,"Raw-material inventory carries the inventory carrying rate on its value (R003); frozen S0-S7 events unchanged, costs re-captured",economics,src/telo_feasibility/simulation.py step8_costs,component value split is an equal-thirds illustrative allocation,none,tests/regression/test_frozen_strategies.py,supplier quotes (HA-12) give component values,exists,no
R116,design-space assignment Phase E,Feasibility conditions: bisection along a named input between its recorded low and high for the crossing where a strategy stops meeting the service target; endpoints always reported so a non-monotone response is visible rather than hidden,design_space,design_space_analysis.threshold; scripts/run_design_space_analysis.py,monotonicity is assumed between the endpoints; only one input varies at a time,none,tests/integration/test_design_space_analysis.py::test_threshold_finds_a_capacity_crossing,input ranges are tier-5 low/high records,exists,no
R117,design-space assignment deliverable 12,Strategy dominance at a matched service target with an explicit cost tolerance for Monte Carlo noise; a strategy is dominated when a rival costs no more and serves at least as well on mean fill and tail probability,design_space,design_space_analysis.dominance,cost tolerance is set by the caller and is not derived from the MCSE automatically,none,tests/integration/test_design_space_analysis.py::test_dominance_marks_the_frontier,none,exists,no
R118,design-space assignment deliverable 12,"Decision-reversal maps over two or three named inputs for the full strategy set including S8+, reporting the cheapest feasible strategy per cell and None where none qualifies",design_space,design_space_analysis.reversal_map; scripts/build_design_space_figures.py,grid resolution is low (three levels per axis) so a reversal between grid points is not located,none,tests/integration/test_design_space_analysis.py::test_reversal_map_shape_and_preference,none,exists,no
R119,design-space assignment deliverable 11,"Feasibility-region, dominance, and reversal figures carrying the metadata figures.save_figure requires (title, units, product, scenario, manifest id, source note, decision caption)",reporting,scripts/build_design_space_figures.py; figures.config_heatmap,none,none,tests/unit/test_figures.py,none,exists,no
R120,design-space assignment Phase B family 10; protocol Eq. 6-7,"Contract economics: ContractTerms names the nine commercial questions (payer, purchaser, beneficiary, term, committed volume, activation condition, allocation rights, default risk, price required) and reports which are unanswered; contract_requirement derives resilience premium per unit, break-even price, committed volume, take-or-pay share of capacity and implied utilization from a simulated annual cost",economics,src/telo_feasibility/contracting.py,"no price evidence exists, so the default is the break-even price and that is reported as a note",none,tests/unit/test_contracting.py,price and willingness to pay need HA-11 and HA-24,partial,yes: HA-11 HA-24
R121,design-space assignment Phase D; protocol Eq. 1-5,"Deterministic screening for design-space strategies: capacity, capital, fixed and validation cost come from the built runtime topology instead of workbook multipliers, and the common-impact factor is the largest share of network capacity inside one common-cause group; the workbook replica refuses a declared topology so reconciliation stays exact",deterministic,deterministic.screen_inputs; deterministic.screen_row,"the screen heuristic for expected shortage days is still the workbook event model, which does not know about reserved capacity, commissioning, or portfolio shares; the simulation is authoritative",none,tests/integration/test_deterministic_design_space.py,none,exists,no
R122,design-space assignment Phase B family 10; HANDOFF weak spot,"Take-or-pay volume term on reserved capacity: take_or_pay_fraction charges that share of the reserved line annual variable cost whether or not it runs, closing the gap where reserved capacity had a fee but no volume commitment",economics,strategies.build_strategy; simulation.step8_costs,"the charge is a fraction of variable cost, not a negotiated price; a real contract needs HA-24",none,tests/integration/test_contract_and_os_levers.py::test_take_or_pay_defaults_off_and_charges_when_set,contract terms need HA-24,partial,yes: HA-24
R123,design-space assignment Phase B family 2,"Operating-system effect modeled as what it claims: deviation_rate_factor and investigation_duration_factor scale this strategy quality workflow only, leaving release time, capacity, and gates untouched; rates are clamped to [0,1]",quality,simulation._quality_params; strategies.build_strategy,the factors are illustrative with no evidence; a measured effect needs HA-22,none,tests/integration/test_contract_and_os_levers.py::test_quality_factors_reduce_deviations_and_investigation_time,deviation and closure evidence (HA-22),partial,yes: HA-22
R124,study package convention,"Methods documentation for the two new analysis modules (ablation; feasibility conditions, dominance, reversal, and contract arithmetic), describing the method and its limits separately from the findings",documentation,docs/methods/ablation.md; docs/methods/design_space_analysis.md,none,none,reviewed by the verification passes on the documents that cite them,none,exists,no
R125,design-space assignment Phase B family 10,"Contract conditions per product and strategy from a simulation run: fixed share of annual cost, break-even price per delivered unit, resilience premium against the reference strategy, and the minimum contracted utilization that covers fixed cost; no price is assumed",economics,scripts/build_contract_table.py; contracting.contract_requirement,"capacity is inferred from delivered units and fill rate rather than from the topology, so utilization is approximate",none,tests/unit/test_contracting.py,a real price needs HA-11 or HA-24,partial,yes: HA-11 HA-24
R126,protocol comparability rule FC4; MD-7,"Capacity above a site's day-zero scale is commissioned over capacity_expansion_days before it can run, so expanding an existing plant and building a new site are compared on the same terms; instant_expansion restores the previous behaviour for a sensitivity run",strategies,strategies.build_strategy; production.SiteRuntime.batches_per_year_on,capacity_expansion_days is tier 5 with no source; the baseline is the workbook's status-quo scale of 1.05,none,tests/integration/test_model_defect_fixes.py::test_md7_expansion_above_the_status_quo_scale_waits_to_be_commissioned,vendor and engineering expansion timelines (HA-13),partial,yes: HA-13
R127,protocol 6.1 ledger; MD-6,Fixed site operations accrue only while a site exists; capital and validation stay sunk from day zero; end-of-horizon backlog inside its backorder window is reported as open_backlog_units_at_horizon instead of counted lost,economics,simulation.step8_costs; simulation.result,"the split between sunk and operating cost is a modelling choice, stated in the revision",none,tests/integration/test_model_defect_fixes.py::test_md6_fixed_operations_do_not_accrue_before_a_site_exists,none,exists,no
R128,protocol 8.2 inventory; MD-4,"Opening stock is seeded as four cohorts whose remaining shelf life is spread from one replenishment cycle to full shelf life, so a larger opening position does not expire on the first measured day",inventory,simulation._seed_cohorts,the cohort count is an arbitrary modelling convention; the integer split preserves the mass balance,none,tests/integration/test_model_defect_fixes.py::test_md4_more_opening_stock_is_not_harmful,real age mix at a stocking point (HA-11),partial,yes: HA-11
R129,protocol 5.2 cost boundary; MD-14,"A reserved line Telo does not own carries no annualized capital, fixed operations, or validation, only its reservation fee and the variable and testing cost of batches it runs; reserved_site_owned models a standby line Telo builds",economics,strategies.build_strategy; simulation.step8_costs,the fee basis is still the notional annual cost of the line to its owner,none,tests/integration/test_model_defect_fixes.py::test_md14_a_reserved_line_telo_does_not_own_carries_no_capital,real reservation terms (HA-24),partial,yes: HA-24
R130,"MD-2, MD-9, MD-10, MD-13, MD-16",Material reorder point covers at least one batch draw; nodes may exceed the region count and are placed round-robin sharing the region geography group; the utilization denominator covers the sites the numerator counts and reserved capacity is reported separately; the Shapley bracket is undefined when an add-one-in arm is absent; p_meet carries its binomial standard error,simulation,suppliers.MaterialStore.place_orders; strategies node loop; ablation.network_capacity_units_per_year; ablation.attribution; ablation.summarize,none,none,tests/integration/test_model_defect_fixes.py,none,exists,no
R131,design-space assignment Phase D; S9 and S19,"Extra declared suppliers with a shared upstream tier: two nominally independent API sources (api_src_a, api_src_b) that both sit in one key-starting-material group together with both sites, so a shared key starting material is represented rather than assumed away (F9-S5)",design_space,schemas.SupplierSpec; strategies.build_strategy extra_suppliers branch; strategies.universal_roster_ids group append; strategies._group_kind,"CommonCauseGroup.kind has no key-starting-material value, so cc_ksm_api_1 resolves to api_supplier by substring; at the frozen hazard rate the matched-membership control still returns a null (MD-19 row)",none,tests/integration/test_design_space_engine.py::test_roster_appends_declared_entities_after_frozen_ones; tests/integration/test_extremes.py::test_independent_sites_help_and_perfectly_correlated_sites_do_not,real key-starting-material concentration for the chosen presentation (HA-31),exists,no
R132,design-space assignment Phase D; S10,"Multi-product tenancy accounting: portfolio_capacity_share and portfolio_fixed_cost_share attribute only a share of a host line's scheduling capacity and of its fixed, capital and validation cost to this product, with validation_multiplier able to restore one full product-specific validation per host",design_space,schemas.SitePlanSpec portfolio_capacity_share/portfolio_fixed_cost_share/validation_multiplier; strategies.build_strategy capacity_share and fixed_cost_share,"MD-15: the host's other products are not simulated, so cross-product demand correlation and a host event that removes several products at once are absent; the shares are an accounting proxy, and the split ratio is asserted rather than searched",none,tests/integration/test_design_space_engine.py::test_portfolio_shares_scale_capacity_and_fixed_cost,a real tenancy agreement and a real host product mix (HA-23),exists,no
R133,design-space assignment Phase D; S12,"A second declared container supplier (vial_2 in extra_suppliers with its own cc_vial_2 group) and a quality common-cause group spanning three unaffiliated partner sites, because one holder's quality unit dispositions all three and 21 CFR 211.22(a) makes that non-delegable (F3-S41, F3-S42, F3-S43)",design_space,schemas.SupplierSpec; strategies.build_strategy supplier and group construction; config/strategies/design_space.yaml S12,"MD-19: before R007 the supplier arm of a common-cause group was inert, so cc_vial_2 reached only the site arm; stopper_1 is still shared by every site and is now declared as cc_stopper_1 on the site side only, because the frozen builder gives the supplier no group",none,tests/integration/test_design_space_engine.py::test_roster_appends_declared_entities_after_frozen_ones; tests/integration/test_model_defect_fixes.py::test_md19_a_degraded_supplier_stretches_the_order_in_proportion,which container source each partner actually uses (HA-23),exists,no
R134,MD-19; revision R007,"A supplier's daily capacity is a fraction, not a switch: a supplier at capacity fraction f ships at most f of one full order per day, the same proportional time stretch a degraded production line already applies, so a common-cause group declared on a supplier can move an outcome",disruptions,suppliers.MaterialStore.receive; suppliers.PurchaseOrder.original_units; disruptions.effective_supplier_capacity,"at the frozen illustrative hazard rate (0.1 common-cause events per group-year) and the slack the illustrative networks carry, the measured effect is still zero; the defect was that no parameter value could have made it non-zero",none,tests/integration/test_model_defect_fixes.py::test_md19_a_degraded_supplier_stretches_the_order_in_proportion; ::test_md19_full_and_zero_capacity_are_unchanged; tests/regression/test_frozen_strategies.py,real supplier disruption depth and duration (HA-31),exists,no
R135,MD-20; revision R007,"The deterministic screen credits a reserved line its contracted duty cycle (exercise cadence as a fraction of its design batch rate) and charges its reservation fee and take-or-pay, so a contracted-capacity architecture does not screen byte-identical to the status quo; campaign activation is stochastic and excluded, so the capacity credit is a lower bound",deterministic,deterministic.screen_inputs runtime_topology arm; deterministic.ScreenInputs.reserved_contract_usd_per_year; deterministic.screen_row; cli.cmd_deterministic on load_all_strategies,"MD-22: common_impact_factor is still derived from topology for S8+ and read from a workbook multiplier for S0-S7, so no cross-arm common-impact comparison is valid",none,tests/integration/test_model_defect_fixes.py::test_md20_the_screen_credits_a_reserved_line_and_charges_its_contract; ::test_md20_a_reserved_line_with_no_exercise_cadence_is_credited_nothing; tests/regression/test_workbook_reconciliation.py,the real contracted duty cycle in a reservation agreement (HA-23),exists,no
R136,MD-21; revision R007,"A reservation fee and a take-or-pay commitment accrue only while the reserved site exists, in the same per-site loop R005 gave fixed site operations; capital and validation stay sunk from day zero",economics,simulation.step8_costs,none known; S3 is unaffected because its reserved line exists at t0,none,tests/integration/test_model_defect_fixes.py::test_md21_a_reservation_fee_does_not_accrue_before_the_line_exists,when a real reservation fee starts under contract (HA-23),exists,no
R137,design-space assignment; protocol comparability rule; model defect MD-17,"Commissioning clock starts at the first measured day, not at simulation day zero, and every run reports the capacity-weighted share of the measured window during which a durable site did not exist",comparability,simulation.SimSettings.commissioning_from_measurement_start; strategies.build_strategy commissioning_offset_days; simulation._commissioning_window_loss,the offset is a study convention rather than evidence; a real programme decides at a moment that has no counterpart in the model,none,tests/integration/test_model_defect_fixes.py::test_md17_commissioning_clock_starts_at_the_measured_window,"elapsed time from decision to first released batch (HA-21, HA-23)",exists,no
R138,design-space assignment Phase D; protocol fair-comparison rule; model defect MD-12,"Matched-search-space check: each named strategy optimized twice, over its declared design space and over one common inventory space (safety stock 30 to 365 days, daily base-stock review as a binary), so a comparison across strategies measures architecture rather than search freedom",optimization,scripts/run_matched_space_check.py; optimization.optimize_strategy space argument,"four strategies tested rather than twenty, at 40 final runs, so the tail probability carries a binomial standard error near 0.047; the symmetric test that narrows the design-space strategies to the comparators space has not been run",none,results/design_space/matched_20260905.json and the correction section of docs/design_space/feasibility_regions.md,none,exists,no
R139,design-space assignment Phase A; deliverable 11,"Ablation figures: leave-one-out and add-one-in attribution bars with their Shapley bracket, and a configuration heatmap over factors and strategies, each carrying the metadata figures.save_figure requires (title, units, product, scenario, manifest id, source note, decision caption)",reporting,scripts/build_ablation_figures.py; figures.attribution_bars; figures.config_heatmap,none,none,tests/unit/test_figures.py,results/ablation/<run>/ (illustrative inputs),exists,no
R140,design-space assignment Phase A; deliverable 3,"Bottleneck attribution and per-mode tables generated from one ablation run rather than typed, so every number in the decomposition document traces to results/ablation/<run>/{summary.json,attribution.csv}",design_space,scripts/build_bottleneck_tables.py; docs/design_space/bottleneck_tables.md,"the generator prints markdown to stdout and the document embeds it, so a re-run does not update the document automatically",none,verified by re-running the generator against the cited run and diffing the embedded tables,results/ablation/abl_20260902_phaseA and abl_post_R008 (illustrative inputs),exists,no
R141,protocol revision R007; design-space assignment Phase D,"Gate G16 (component and container-closure lot qualification for a declared second container source, plus the alternate API source's Type II drug master file letter of authorisation) declared for S9, S18 and S19 and carried as UNCERTAIN; the gate count moves from 15 to 16 and DF08 reports the new denominator",regulatory,config/regulatory_gates.yaml G16; protocol/revisions.csv R007,no reviewer has assigned a status; UNCERTAIN is never PASS and no strategy may receive a favourable decision class,none,tests/unit/test_regulatory.py; reporting.finished_status DF08 (reviewed 0/16),"qualified regulatory review (HA-31, HA-23)",partial,yes: HA-31 HA-23
R142,design-space assignment deliverables 1-7,"Design-space deliverable documents: architecture taxonomy with incompatibilities, morphological matrix, Phase A bottleneck decomposition with causal diagram, prior-art review by family, evidence-backed competitive landscape, novel-architecture generation with judge scores and rejections, and a falsification register with a status and result pointer on every claim row",documentation,"docs/design_space/{architecture_taxonomy.md,morphological_matrix.csv,bottleneck_decomposition.md,prior_art_review.md,competitive_landscape.md,novel_architectures.md,falsification_register.csv}; docs/design_space/prior_art/ family notes; docs/design_space/landscape/ category notes",24 of the 33 falsification rows are untested; 12 of those need human evidence and 9 need a control run the current battery does not contain,none,csv field-count validation on morphological_matrix.csv and falsification_register.csv; every cited source id resolves to a prior-art or landscape note,12 register rows need human evidence (HA-11 HA-13 HA-20 HA-21 HA-23 HA-24 HA-31 HA-33),partial,yes: HA-23 HA-31
R143,design-space assignment deliverables 13-17,"Family analyses: product-architecture matching over the frozen dossiers, OS-only and virtual-network analysis, multi-product portfolio analysis, inventory-capacity hybrid analysis, and feasibility regions stated as conditions with a fair-comparison correction",documentation,"docs/design_space/{product_architecture_matching.md,os_only_and_virtual_network.md,multi_product_portfolio.md,inventory_capacity_hybrids.md,feasibility_regions.md,release_assurance_followup.md}","four product features are absent for every candidate, one product per network (MD-15), take-or-pay has no service channel (MD-24), and the value-of-information run is superseded and covers S0-S7 only",none,every quantitative claim traces to results/design_space/ or results/ablation/ artifacts named in the document,HA-34 HA-35 HA-36 for the absent features; HA-11 HA-24 for price and volume,partial,yes: HA-34 HA-35 HA-36 HA-11 HA-24
R144,design-space assignment Phase F; deliverable 20,"Four evidence-grounded company roadmaps (microfactory-first, OS-first, virtual capacity network plus OS, strongest architecture discovered), each stating first product, first customer, first measurable value, data-access strategy, regulatory exposure, capital requirement, 6/12/24/60-month milestones, hiring, partnership dependencies, moat, channel conflict, failure conditions, and the evidence required before advancing",documentation,"docs/design_space/roadmaps/{01_microfactory_first.md,02_os_first.md,03_virtual_network_plus_os.md,04_strongest_discovered.md}","no roadmap can be costed on the revenue side; no price, rate card, reservation fee or minimum order value was found in 313 landscape sources, and the OS-first roadmap has no buyer-economics evidence at all",none,every milestone names an artifact or a human-action id that would evidence it,HA-13 HA-21 HA-24 HA-31 HA-34 HA-36 HA-37; recommendation withheld until they resolve,partial,yes: HA-13 HA-21 HA-24 HA-31 HA-34 HA-36 HA-37
R145,design-space assignment first-protection items 6-8; deliverables 18-19,"Corrected public-claims register with replacement wording for every affected public sentence, and a privacy and remediation plan for the exposed contact files stating what was inspected read-only, what was not done, and the founder decisions required",integrity,docs/design_space/public_claims_corrections.md; docs/design_space/privacy_remediation_plan.md; CLAIMS_REGISTER.csv extended to C025,"nothing has been published or changed on any public surface; 14 register rows remain unsupported, contradicted or retracted and DF22 fails on them; the exposure is live",none,reporting.finished_status DF22 lists the unresolved claim ids,founder decision and authorization (HA-04 HA-05 HA-06 HA-07 HA-08 HA-10 HA-19),partial,yes: HA-04 HA-05 HA-06 HA-07 HA-08
R146,design-space assignment deliverables 21-23,"Package status documents: requirements matrix covering every module, script and mechanism built; a definition-of-finished status pasting the status command output verbatim with what changed, what blocks each incomplete test and which human action closes it; and a human-action queue ordered by decision value with role, exact question, field or decision, acceptable evidence, model entry point, reversible result, fallback and rank on every row",documentation,docs/audits/04_requirements_matrix.csv; docs/design_space/definition_of_finished_status.md; docs/audits/07_human_action_queue.md,"the queue carries two id defects kept rather than renumbered: HA-10 names two different items, and config/sources.yaml line 129 calls the eCFR decision HA-15b while this file calls it HA-19c",none,csv field-count validation on the matrix; the ranked queue has 43 rows with unique ranks 1 to 43 and 9 columns each,none,exists,no
R147,protocol 13 definition of finished; docs/design_space/definition_of_finished_status.md section 4,"Definition-of-finished checks must measure what their titles claim: DF05 tests that the eight frozen strategies are represented, not that exactly eight distinct ids appear in the simulation manifests, and DF15 must glob backcast comparisons at results/backcasts/<run>/<episode>/comparison.json rather than one level shallower",reporting,reporting.finished_status DF05 and DF15,"DF05 reads incomplete because Phase D added S8-S19 and the criterion is len(strategies_seen) == 8; DF15 reads 0 comparisons while 6 files exist, and even with the glob fixed only 3 distinct episode classes exist against a requirement of 4",reporting.py,tests/unit/test_reporting.py (planned): frozen ids are a subset of the ids seen; the backcast glob finds the files that exist,the fourth backcast episode class needs a human-acquired source (HA-10 ASHP bulletins) and a demand denominator (HA-11),partial,yes: HA-10 HA-11
R148,design-space assignment; revisions R009 to R011,Opening inventory is purchased and charged once at the production unit value into a dedicated ledger field; the carrying half is already in inventory_logistics and is not charged twice,economics,economics.CostLedger.opening_inventory; simulation._seed_cohorts,"the acquisition price of opening stock is assumed equal to production cost; a purchased buffer would carry a supplier margin (HA-11, HA-24)",none,tests/integration/test_ranking_defect_fixes.py::test_new1_opening_inventory_is_charged_and_scales_with_the_stock_policy,"a purchased-finished-goods price (HA-11, HA-24)",partial,yes: HA-11 HA-24
R149,design-space assignment; revisions R009 to R011,"Matched inventory search space for every strategy, frozen and design-space alike, with the previous spaces kept ""as LEGACY_DESIGN_SPACES for reproducibility",optimization,optimization.MATCHED_INVENTORY_SPACE; optimization.DESIGN_SPACES,the common space adopts the design-space strategies declared freedom as the standard; the symmetric narrowing test has not been run,none,tests/integration/test_ranking_defect_fixes.py::test_md12_every_frozen_strategy_gets_the_matched_inventory_space,none,exists,no
R150,design-space assignment; revisions R009 to R011,"Infeasible tie-break ranks on fill only beyond a noise band derived from the screen size, then on cost, and records the band on the optimization record",optimization,optimization._fill_tolerance; optimization.optimize_strategy,the band is estimated from the spread of the evaluated designs with a floor of half a run; it is not a formal confidence statement,none,tests/integration/test_ranking_defect_fixes.py::test_md11_a_fill_gain_inside_the_noise_does_not_buy_a_cost_increase,none,exists,no
R151,design-space assignment; revisions R009 to R011,"Material policy separates pipeline cover from safety and cycle cover, and the opening component position is policy and lead-independent",suppliers,suppliers.MaterialStore.place_orders; simulation material seeding,"a residual remains: deferred orders land when a supplier resumes whatever the nominal lead, so a longer lead still carries a larger protective pipeline under a forced outage",none,tests/integration/test_ranking_defect_fixes.py::test_md1_opening_material_position_is_lead_independent,supplier lead times and order minimums (HA-12),partial,yes: HA-12
R152,design-space assignment; revisions R009 to R011,"Regional criticality weights and minimum guarantees are representable, so the four allocation policies can differ; the default keeps regions identical, under which three of them are one function",allocation,network.default_regions; strategies.build_strategy; simulation.step7_policies,"no evidence in this package says regions differ in criticality, so the spread defaults to zero and allocation rights stay unmeasured",none,tests/integration/test_ranking_defect_fixes.py::test_new2_policies_are_inert_when_regions_are_identical_and_differ_when_not,"regional criticality and guarantee evidence (HA-20, HA-33)",partial,yes: HA-20 HA-33
R153,design-space assignment; revisions R009 to R011,"Readiness is time since the last qualified batch, so any batch restarts the exercise clock, and a take-or-pay commitment buys priority access in a region sourcing order",production,production.SiteRuntime.start_batch; strategies.build_strategy source order,priority access is the only service channel given to a commitment; it does not model a contractual right to refuse another buyer,none,tests/integration/test_ranking_defect_fixes.py::test_md23_any_batch_restarts_the_readiness_clock,"contract terms (HA-24, HA-38)",partial,yes: HA-24 HA-38
R154,"route screen, HA-34 (docs/route_screen/)","ProductFeatures.sterilization_route is set per presentation-holder pair, never per molecule, and a parametric-release ReleaseScenario is constructible only where the route is terminal moist heat AND a parametric approval exists",product,ProductFeatures in product_architecture.py carries the attribute; no config sets it,"No longlist presentation reached a confidence that licenses setting it. The one in-archetype determination (furosemide ANDA 202747) stands at weakly_inferred with a contradiction recorded, and the two modelled product configs are unknown at any confidence",product_architecture; release scenarios,"a test asserting the attribute stays unset for every current product config, and that constructing a parametric-release ReleaseScenario without it raises","HA-34: an ANDA or NDA chemistry review sterility-assurance section, an EIR naming the cycle, or a named reviewer with date and basis",blocked on evidence; no model parameter changes,yes (HA-34)
R155,"route screen, HA-34 (docs/route_screen/)","bud_503b_days is a lookup on route by sterility-test completion by storage condition, not a scalar, and the lookup is labelled as resting on revised draft guidance that is nonbinding and applies only inside the time-varying 503B state",regulatory,bud_503b_days is a scalar in config,"The route dimension has no value to key on, because no longlist route is determined. The source table is 503B Appendix B Table D, which is draft guidance stamped ""Draft - Not for Implementation""",config; 503B scenario layer,"a test asserting the lookup refuses to resolve when route is unset, and that the draft-status label travels with any output using it",HA-34 for route; a final version of the 503B guidance for the table itself,blocked on evidence; not implemented,yes (HA-34)
